Id,LastName,FirstName,HireDate,OfficeLocation
101,Wali,Bob,2014-06-04,New York
102,Arish,Bob,2015-10-08,Los Angeles
103,Yara,Bob,2017-03-13,Dallas
104,Wali,Bob,2014-06-04,New York
105,Arish,Bob,2015-10-08,Los Angeles
106,Yara,Bob,2017-03-13,Dallas
107,Wali,Bob,2014-06-04,New York
108,Arish,Bob,2015-10-08,Los Angeles
109,Yara,Bob,2017-03-13,Dallas
110,Wali,Bob,2014-06-04,New York
111,Arish,Bob,2015-10-08,Los Angeles
112,Yara,Bob,2017-03-13,Dallas
113,Wali,Bob,2014-06-04,New York
114,Arish,Bob,2015-10-08,Los Angeles
115,Yara,Bob,2017-03-13,Dallas
116,Wali,Bob,2014-06-04,New York
117,Arish,Bob,2015-10-08,Los Angeles
118,Yara,Bob,2017-03-13,Dallas
119,Wali,Bob,2014-06-04,New York
120,Arish,Bob,2015-10-08,Los Angeles
121,Yara,Bob,2017-03-13,Dallas
122,Wali,Bob,2014-06-04,New York
123,Arish,Bob,2015-10-08,Los Angeles
124,Yara,Bob,2017-03-13,Dallas
125,Wali,Bob,2014-06-04,New York
126,Arish,Bob,2015-10-08,Los Angeles
127,Yara,Bob,2017-03-13,Dallas
128,Wali,Bob,2014-06-04,New York
129,Arish,Bob,2015-10-08,Los Angeles
130,Yara,Bob,2017-03-13,Dallas
131,Wali,Bob,2014-06-04,New York
132,Arish,Bob,2015-10-08,Los Angeles
133,Yara,Bob,2017-03-13,Dallas
134,Wali,Bob,2014-06-04,New York
135,Arish,Bob,2015-10-08,Los Angeles
136,Yara,Bob,2017-03-13,Dallas
137,Wali,Bob,2014-06-04,New York
138,Arish,Bob,2015-10-08,Los Angeles
139,Yara,Bob,2017-03-13,Dallas
140,Wali,,2017-03-13,New York
141,Arish,Bob,2015-10-08,Los Angeles
142,Yara,Bob,2017-03-13,Dallas
143,Wali,Bob,2014-06-04,New York
144,Arish,Bob,2015-10-08,Los Angeles
145,Yara,Bob,2017-03-13,Dallas
146,Wali,Bob,2014-06-04,New York
147,Arish,Bob,2015-10-08,Los Angeles
148,Yara,Bob,2017-03-13,Dallas
149,Arish,Bob,2015-10-08,Los Angeles
150,Yara,Bob,2017-03-13,Dallas